DROP TABLE IF EXISTS salle_equipement;
DROP TABLE IF EXISTS reservations;
DROP TABLE IF EXISTS salles;
DROP TABLE IF EXISTS equipements;
DROP TABLE IF EXISTS utilisateurs;

CREATE TABLE utilisateurs (
    id BIGINT AUTO_INCREMENT PRIMARY KEY,
    nom VARCHAR(255) NOT NULL,
    prenom VARCHAR(255) NOT NULL,
    email VARCHAR(255) NOT NULL UNIQUE,
    telephone VARCHAR(255),
    departement VARCHAR(100),
    version BIGINT DEFAULT 0
);

CREATE TABLE salles (
    id BIGINT AUTO_INCREMENT PRIMARY KEY,
    nom VARCHAR(255) NOT NULL,
    capacite INT NOT NULL,
    description VARCHAR(500),
    batiment VARCHAR(255),
    etage INT,
    numero VARCHAR(255),
    version BIGINT DEFAULT 0
);

CREATE TABLE equipements (
    id BIGINT AUTO_INCREMENT PRIMARY KEY,
    nom VARCHAR(255) NOT NULL,
    description VARCHAR(500),
    reference VARCHAR(255),
    version BIGINT DEFAULT 0
);

CREATE TABLE reservations (
    id BIGINT AUTO_INCREMENT PRIMARY KEY,
    date_debut DATETIME NOT NULL,
    date_fin DATETIME NOT NULL,
    motif VARCHAR(500),
    statut VARCHAR(20) DEFAULT 'CONFIRMEE',
    utilisateur_id BIGINT NOT NULL,
    salle_id BIGINT NOT NULL,
    version BIGINT DEFAULT 0,
    FOREIGN KEY (utilisateur_id) REFERENCES utilisateurs(id),
    FOREIGN KEY (salle_id) REFERENCES salles(id)
);

CREATE TABLE salle_equipement (
    salle_id BIGINT NOT NULL,
    equipement_id BIGINT NOT NULL,
    PRIMARY KEY (salle_id, equipement_id),
    FOREIGN KEY (salle_id) REFERENCES salles(id),
    FOREIGN KEY (equipement_id) REFERENCES equipements(id)
);

INSERT INTO equipements (id, nom, description, reference) VALUES
(1, 'Projecteur HD', 'Projecteur haute definition 4K', 'PROJ-4K-001'),
(2, 'Ecran interactif', 'Ecran tactile 65 pouces', 'ECRAN-T-65'),
(3, 'Systeme de visioconference', 'Systeme complet avec camera HD', 'VISIO-HD-100'),
(4, 'Tableau blanc', 'Tableau blanc magnetique 2m x 1m', 'TB-MAG-2X1'),
(5, 'Systeme audio', 'Systeme audio avec 4 haut-parleurs', 'AUDIO-4HP'),
(6, 'Microphones sans fil', 'Set de 4 microphones sans fil', 'MIC-SF-4'),
(7, 'Ordinateur fixe', 'PC avec Windows 11 et suite Office', 'PC-W11-OFF'),
(8, 'Connexion WiFi haut debit', 'WiFi 6 avec debit jusqu a 1 Gbps', 'WIFI-6-1G'),
(9, 'Systeme de climatisation', 'Climatisation reglable', 'CLIM-REG'),
(10, 'Prises electriques multiples', '10 prises electriques reparties', 'PRISES-10');

INSERT INTO utilisateurs (id, nom, prenom, email, telephone, departement) VALUES
(1, 'Martin', 'Jean', 'jean.martin@example.com', '0612345678', 'Ressources Humaines'),
(2, 'Bernard', 'Marie', 'marie.bernard@example.com', '0623456789', 'Informatique'),
(3, 'Dubois', 'Pierre', 'pierre.dubois@example.com', '0634567890', 'Finance'),
(4, 'Thomas', 'Sophie', 'sophie.thomas@example.com', '0645678901', 'Marketing'),
(5, 'Robert', 'Thomas', 'thomas.robert@example.com', '0656789012', 'Commercial'),
(6, 'Richard', 'Catherine', 'catherine.richard@example.com', '0667890123', 'Production'),
(7, 'Petit', 'Nicolas', 'nicolas.petit@example.com', '0678901234', 'Recherche et Developpement'),
(8, 'Durand', 'Isabelle', 'isabelle.durand@example.com', '0689012345', 'Juridique'),
(9, 'Leroy', 'Philippe', 'philippe.leroy@example.com', '0690123456', 'Communication'),
(10, 'Moreau', 'Nathalie', 'nathalie.moreau@example.com', '0611223344', 'Direction'),
(11, 'Simon', 'Michel', 'michel.simon@example.com', '0622334455', 'Ressources Humaines'),
(12, 'Laurent', 'Francoise', 'francoise.laurent@example.com', '0633445566', 'Informatique'),
(13, 'Lefebvre', 'Patrick', 'patrick.lefebvre@example.com', '0644556677', 'Finance'),
(14, 'Michel', 'Monique', 'monique.michel@example.com', '0655667788', 'Marketing'),
(15, 'Garcia', 'Rene', 'rene.garcia@example.com', '0666778899', 'Commercial'),
(16, 'David', 'Sylvie', 'sylvie.david@example.com', '0677889900', 'Production'),
(17, 'Bertrand', 'Louis', 'louis.bertrand@example.com', '0688990011', 'Recherche et Developpement'),
(18, 'Roux', 'Anne', 'anne.roux@example.com', '0699001122', 'Juridique'),
(19, 'Vincent', 'Daniel', 'daniel.vincent@example.com', '0611112222', 'Communication'),
(20, 'Fournier', 'Christine', 'christine.fournier@example.com', '0622223333', 'Direction');

INSERT INTO salles (id, nom, capacite, description, batiment, etage, numero) VALUES
(1, 'Salle A1', 10, 'Salle de reunion standard', 'Batiment A', 1, 'A1'),
(2, 'Salle A2', 12, 'Salle de reunion standard', 'Batiment A', 2, 'A2'),
(3, 'Salle A3', 14, 'Salle de reunion standard', 'Batiment A', 3, 'A3'),
(4, 'Salle A4', 16, 'Salle de reunion standard', 'Batiment A', 1, 'A4'),
(5, 'Salle A5', 18, 'Salle de reunion standard', 'Batiment A', 2, 'A5'),
(6, 'Salle B1', 20, 'Salle de formation equipee', 'Batiment B', 1, 'B1'),
(7, 'Salle B2', 25, 'Salle de formation equipee', 'Batiment B', 2, 'B2'),
(8, 'Salle B3', 30, 'Salle de formation equipee', 'Batiment B', 3, 'B3'),
(9, 'Salle B4', 35, 'Salle de formation equipee', 'Batiment B', 4, 'B4'),
(10, 'Salle B5', 40, 'Salle de formation equipee', 'Batiment B', 1, 'B5'),
(11, 'Salle C1', 50, 'Salle de conference haut de gamme', 'Batiment C', 1, 'C1'),
(12, 'Salle C2', 70, 'Salle de conference haut de gamme', 'Batiment C', 2, 'C2'),
(13, 'Salle C3', 90, 'Salle de conference haut de gamme', 'Batiment C', 3, 'C3'),
(14, 'Salle C4', 110, 'Salle de conference haut de gamme', 'Batiment C', 1, 'C4'),
(15, 'Salle C5', 130, 'Salle de conference haut de gamme', 'Batiment C', 2, 'C5');

INSERT INTO salle_equipement (salle_id, equipement_id) VALUES
(1, 4), (1, 7), (1, 9), (1, 10),
(2, 3), (2, 7), (2, 9), (2, 10),
(3, 4), (3, 7), (3, 9), (3, 10), (3, 5),
(4, 3), (4, 7), (4, 9), (4, 10),
(5, 4), (5, 7), (5, 9), (5, 10), (5, 5),
(6, 1), (6, 4), (6, 7), (6, 9), (6, 10), (6, 2),
(7, 1), (7, 4), (7, 7), (7, 9), (7, 10),
(8, 1), (8, 4), (8, 7), (8, 9), (8, 10), (8, 2),
(9, 1), (9, 4), (9, 7), (9, 9), (9, 10),
(10, 1), (10, 4), (10, 7), (10, 9), (10, 10), (10, 2),
(11, 1), (11, 3), (11, 5), (11, 6), (11, 7), (11, 8), (11, 9), (11, 10),
(12, 1), (12, 3), (12, 5), (12, 6), (12, 7), (12, 8), (12, 9), (12, 10),
(13, 1), (13, 3), (13, 5), (13, 6), (13, 7), (13, 8), (13, 9), (13, 10),
(14, 1), (14, 3), (14, 5), (14, 6), (14, 7), (14, 8), (14, 9), (14, 10),
(15, 1), (15, 3), (15, 5), (15, 6), (15, 7), (15, 8), (15, 9), (15, 10);

INSERT INTO reservations (id, date_debut, date_fin, motif, statut, utilisateur_id, salle_id) VALUES
(1, '2026-06-06 09:00:00', '2026-06-06 11:00:00', 'Reunion d equipe', 'CONFIRMEE', 1, 1),
(2, '2026-06-06 14:00:00', '2026-06-06 16:00:00', 'Entretien', 'CONFIRMEE', 2, 3),
(3, '2026-06-07 08:00:00', '2026-06-07 10:00:00', 'Formation', 'CONFIRMEE', 3, 6),
(4, '2026-06-07 10:00:00', '2026-06-07 12:00:00', 'Presentation client', 'CONFIRMEE', 4, 8),
(5, '2026-06-07 13:00:00', '2026-06-07 15:00:00', 'Brainstorming', 'CONFIRMEE', 5, 11),
(6, '2026-06-08 09:00:00', '2026-06-08 11:00:00', 'Reunion de projet', 'CONFIRMEE', 6, 2),
(7, '2026-06-08 14:00:00', '2026-06-08 16:00:00', 'Conference', 'CONFIRMEE', 7, 12),
(8, '2026-06-09 08:00:00', '2026-06-09 10:00:00', 'Atelier', 'CONFIRMEE', 8, 14),
(9, '2026-06-09 10:00:00', '2026-06-09 12:00:00', 'Seminaire', 'CONFIRMEE', 9, 15),
(10, '2026-06-09 13:00:00', '2026-06-09 15:00:00', 'Reunion de direction', 'CONFIRMEE', 10, 7),
(11, '2026-06-10 09:00:00', '2026-06-10 11:00:00', 'Demonstration produit', 'CONFIRMEE', 11, 4),
(12, '2026-06-10 14:00:00', '2026-06-10 16:00:00', 'Reunion d equipe', 'CONFIRMEE', 12, 5),
(13, '2026-06-11 08:00:00', '2026-06-11 10:00:00', 'Entretien', 'CONFIRMEE', 13, 9),
(14, '2026-06-11 10:00:00', '2026-06-11 12:00:00', 'Formation', 'CONFIRMEE', 14, 10),
(15, '2026-06-11 13:00:00', '2026-06-11 15:00:00', 'Presentation client', 'EN_ATTENTE', 15, 13),
(16, '2026-06-12 09:00:00', '2026-06-12 11:00:00', 'Brainstorming', 'CONFIRMEE', 16, 1),
(17, '2026-06-12 14:00:00', '2026-06-12 16:00:00', 'Reunion de projet', 'CONFIRMEE', 17, 3),
(18, '2026-06-13 08:00:00', '2026-06-13 10:00:00', 'Conference', 'ANNULEE', 18, 6),
(19, '2026-06-13 10:00:00', '2026-06-13 12:00:00', 'Atelier', 'CONFIRMEE', 19, 8),
(20, '2026-06-13 13:00:00', '2026-06-13 15:00:00', 'Seminaire', 'CONFIRMEE', 20, 11),
(21, '2026-06-14 09:00:00', '2026-06-14 11:00:00', 'Reunion de direction', 'CONFIRMEE', 1, 2),
(22, '2026-06-14 14:00:00', '2026-06-14 16:00:00', 'Demonstration produit', 'CONFIRMEE', 2, 12),
(23, '2026-06-15 08:00:00', '2026-06-15 10:00:00', 'Reunion d equipe', 'CONFIRMEE', 3, 14),
(24, '2026-06-15 10:00:00', '2026-06-15 12:00:00', 'Entretien', 'CONFIRMEE', 4, 15),
(25, '2026-06-15 13:00:00', '2026-06-15 15:00:00', 'Formation', 'EN_ATTENTE', 5, 7),
(26, '2026-06-16 09:00:00', '2026-06-16 11:00:00', 'Presentation client', 'CONFIRMEE', 6, 4),
(27, '2026-06-16 14:00:00', '2026-06-16 16:00:00', 'Brainstorming', 'CONFIRMEE', 7, 5),
(28, '2026-06-17 08:00:00', '2026-06-17 10:00:00', 'Reunion de projet', 'CONFIRMEE', 8, 9),
(29, '2026-06-17 10:00:00', '2026-06-17 12:00:00', 'Conference', 'CONFIRMEE', 9, 10),
(30, '2026-06-17 13:00:00', '2026-06-17 15:00:00', 'Atelier', 'ANNULEE', 10, 13),
(31, '2026-06-18 09:00:00', '2026-06-18 11:00:00', 'Seminaire', 'CONFIRMEE', 11, 1),
(32, '2026-06-18 14:00:00', '2026-06-18 16:00:00', 'Reunion de direction', 'CONFIRMEE', 12, 3),
(33, '2026-06-19 08:00:00', '2026-06-19 10:00:00', 'Demonstration produit', 'CONFIRMEE', 13, 6),
(34, '2026-06-19 10:00:00', '2026-06-19 12:00:00', 'Reunion d equipe', 'CONFIRMEE', 14, 8),
(35, '2026-06-19 13:00:00', '2026-06-19 15:00:00', 'Entretien', 'CONFIRMEE', 15, 11),
(36, '2026-06-20 09:00:00', '2026-06-20 11:00:00', 'Formation', 'CONFIRMEE', 16, 2),
(37, '2026-06-20 14:00:00', '2026-06-20 16:00:00', 'Presentation client', 'CONFIRMEE', 17, 12),
(38, '2026-06-21 08:00:00', '2026-06-21 10:00:00', 'Brainstorming', 'EN_ATTENTE', 18, 14),
(39, '2026-06-21 10:00:00', '2026-06-21 12:00:00', 'Reunion de projet', 'CONFIRMEE', 19, 15),
(40, '2026-06-21 13:00:00', '2026-06-21 15:00:00', 'Conference', 'CONFIRMEE', 20, 7),
(41, '2026-06-22 09:00:00', '2026-06-22 11:00:00', 'Atelier', 'CONFIRMEE', 1, 4),
(42, '2026-06-22 14:00:00', '2026-06-22 16:00:00', 'Seminaire', 'CONFIRMEE', 2, 5),
(43, '2026-06-23 08:00:00', '2026-06-23 10:00:00', 'Reunion de direction', 'CONFIRMEE', 3, 9),
(44, '2026-06-23 10:00:00', '2026-06-23 12:00:00', 'Demonstration produit', 'ANNULEE', 4, 10),
(45, '2026-06-23 13:00:00', '2026-06-23 15:00:00', 'Reunion d equipe', 'CONFIRMEE', 5, 13),
(46, '2026-06-24 09:00:00', '2026-06-24 11:00:00', 'Entretien', 'CONFIRMEE', 6, 1),
(47, '2026-06-24 14:00:00', '2026-06-24 16:00:00', 'Formation', 'CONFIRMEE', 7, 3),
(48, '2026-06-25 08:00:00', '2026-06-25 10:00:00', 'Presentation client', 'CONFIRMEE', 8, 6),
(49, '2026-06-25 10:00:00', '2026-06-25 12:00:00', 'Brainstorming', 'CONFIRMEE', 9, 8),
(50, '2026-06-25 13:00:00', '2026-06-25 15:00:00', 'Reunion de projet', 'CONFIRMEE', 10, 11),
(51, '2026-06-26 09:00:00', '2026-06-26 11:00:00', 'Conference', 'CONFIRMEE', 11, 2),
(52, '2026-06-26 14:00:00', '2026-06-26 16:00:00', 'Atelier', 'CONFIRMEE', 12, 12),
(53, '2026-06-27 08:00:00', '2026-06-27 10:00:00', 'Seminaire', 'EN_ATTENTE', 13, 14),
(54, '2026-06-27 10:00:00', '2026-06-27 12:00:00', 'Reunion de direction', 'CONFIRMEE', 14, 15),
(55, '2026-06-27 13:00:00', '2026-06-27 15:00:00', 'Demonstration produit', 'CONFIRMEE', 15, 7),
(56, '2026-06-28 09:00:00', '2026-06-28 11:00:00', 'Reunion d equipe', 'CONFIRMEE', 16, 4),
(57, '2026-06-28 14:00:00', '2026-06-28 16:00:00', 'Entretien', 'CONFIRMEE', 17, 5),
(58, '2026-06-29 08:00:00', '2026-06-29 10:00:00', 'Formation', 'ANNULEE', 18, 9),
(59, '2026-06-29 10:00:00', '2026-06-29 12:00:00', 'Presentation client', 'CONFIRMEE', 19, 10),
(60, '2026-06-29 13:00:00', '2026-06-29 15:00:00', 'Brainstorming', 'CONFIRMEE', 20, 13),
(61, '2026-06-30 09:00:00', '2026-06-30 11:00:00', 'Reunion de projet', 'CONFIRMEE', 1, 1),
(62, '2026-06-30 14:00:00', '2026-06-30 16:00:00', 'Conference', 'CONFIRMEE', 2, 3),
(63, '2026-07-01 08:00:00', '2026-07-01 10:00:00', 'Atelier', 'CONFIRMEE', 3, 6),
(64, '2026-07-01 10:00:00', '2026-07-01 12:00:00', 'Seminaire', 'CONFIRMEE', 4, 8),
(65, '2026-07-01 13:00:00', '2026-07-01 15:00:00', 'Reunion de direction', 'CONFIRMEE', 5, 11),
(66, '2026-07-02 09:00:00', '2026-07-02 11:00:00', 'Demonstration produit', 'CONFIRMEE', 6, 2),
(67, '2026-07-02 14:00:00', '2026-07-02 16:00:00', 'Reunion d equipe', 'EN_ATTENTE', 7, 12),
(68, '2026-07-03 08:00:00', '2026-07-03 10:00:00', 'Entretien', 'CONFIRMEE', 8, 14),
(69, '2026-07-03 10:00:00', '2026-07-03 12:00:00', 'Formation', 'CONFIRMEE', 9, 15),
(70, '2026-07-03 13:00:00', '2026-07-03 15:00:00', 'Presentation client', 'CONFIRMEE', 10, 7),
(71, '2026-07-04 09:00:00', '2026-07-04 11:00:00', 'Brainstorming', 'CONFIRMEE', 11, 4),
(72, '2026-07-04 14:00:00', '2026-07-04 16:00:00', 'Reunion de projet', 'ANNULEE', 12, 5),
(73, '2026-07-05 08:00:00', '2026-07-05 10:00:00', 'Conference', 'CONFIRMEE', 13, 9),
(74, '2026-07-05 10:00:00', '2026-07-05 12:00:00', 'Atelier', 'CONFIRMEE', 14, 10),
(75, '2026-07-05 13:00:00', '2026-07-05 15:00:00', 'Seminaire', 'CONFIRMEE', 15, 13),
(76, '2026-07-06 09:00:00', '2026-07-06 11:00:00', 'Reunion de direction', 'CONFIRMEE', 16, 1),
(77, '2026-07-06 14:00:00', '2026-07-06 16:00:00', 'Demonstration produit', 'CONFIRMEE', 17, 3),
(78, '2026-07-07 08:00:00', '2026-07-07 10:00:00', 'Reunion d equipe', 'CONFIRMEE', 18, 6),
(79, '2026-07-07 10:00:00', '2026-07-07 12:00:00', 'Entretien', 'EN_ATTENTE', 19, 8),
(80, '2026-07-07 13:00:00', '2026-07-07 15:00:00', 'Formation', 'CONFIRMEE', 20, 11),
(81, '2026-07-08 09:00:00', '2026-07-08 11:00:00', 'Presentation client', 'CONFIRMEE', 1, 2),
(82, '2026-07-08 14:00:00', '2026-07-08 16:00:00', 'Brainstorming', 'CONFIRMEE', 2, 12),
(83, '2026-07-09 08:00:00', '2026-07-09 10:00:00', 'Reunion de projet', 'CONFIRMEE', 3, 14),
(84, '2026-07-09 10:00:00', '2026-07-09 12:00:00', 'Conference', 'ANNULEE', 4, 15),
(85, '2026-07-09 13:00:00', '2026-07-09 15:00:00', 'Atelier', 'CONFIRMEE', 5, 7),
(86, '2026-07-10 09:00:00', '2026-07-10 11:00:00', 'Seminaire', 'CONFIRMEE', 6, 4),
(87, '2026-07-10 14:00:00', '2026-07-10 16:00:00', 'Reunion de direction', 'CONFIRMEE', 7, 5),
(88, '2026-07-11 08:00:00', '2026-07-11 10:00:00', 'Demonstration produit', 'CONFIRMEE', 8, 9),
(89, '2026-07-11 10:00:00', '2026-07-11 12:00:00', 'Reunion d equipe', 'CONFIRMEE', 9, 10),
(90, '2026-07-11 13:00:00', '2026-07-11 15:00:00', 'Entretien', 'CONFIRMEE', 10, 13),
(91, '2026-07-12 09:00:00', '2026-07-12 11:00:00', 'Formation', 'CONFIRMEE', 11, 1),
(92, '2026-07-12 14:00:00', '2026-07-12 16:00:00', 'Presentation client', 'EN_ATTENTE', 12, 3),
(93, '2026-07-13 08:00:00', '2026-07-13 10:00:00', 'Brainstorming', 'CONFIRMEE', 13, 6),
(94, '2026-07-13 10:00:00', '2026-07-13 12:00:00', 'Reunion de projet', 'CONFIRMEE', 14, 8),
(95, '2026-07-13 13:00:00', '2026-07-13 15:00:00', 'Conference', 'CONFIRMEE', 15, 11),
(96, '2026-07-14 09:00:00', '2026-07-14 11:00:00', 'Atelier', 'CONFIRMEE', 16, 2),
(97, '2026-07-14 14:00:00', '2026-07-14 16:00:00', 'Seminaire', 'ANNULEE', 17, 12),
(98, '2026-07-15 08:00:00', '2026-07-15 10:00:00', 'Reunion de direction', 'CONFIRMEE', 18, 14),
(99, '2026-07-15 10:00:00', '2026-07-15 12:00:00', 'Demonstration produit', 'CONFIRMEE', 19, 15),
(100, '2026-07-15 13:00:00', '2026-07-15 15:00:00', 'Reunion d equipe', 'CONFIRMEE', 20, 7);
